ID_Odontologo,Nombre_Odontologo,Especialidad,Telefono,Correo_Electronico,ID_Sede
1,Vincent Conner,Ortodoncia,3134624226,vincent.conner@sonrisalud.com,15
2,Jennifer Knight,Endodoncia,3271729583,jennifer.knight@sonrisalud.com,5
3,Craig Nguyen,Odontologia General,314509914,craig.nguyen@sonrisalud.com,5
4,Bobby Evans,Endodoncia,3398488454,bobby.evans@sonrisalud.com,2
5,Peter Burns,Endodoncia,3939152600,peter.burns@sonrisalud.com,26
6,Derek Vargas,Endodoncia,3679896237,derek.vargas@sonrisalud.com,17
7,Tyler Jones,Ortodoncia,3307100293,tyler.jones@sonrisalud.com,21
8,Amanda Scott,Periodoncia,3293622365,amanda.scott@sonrisalud.com,21
9,Michael Gibbs,Ortodoncia,3216384122,michael.gibbs@sonrisalud.com,6
10,Travis Foster,Periodoncia,3544447923,travis.foster@sonrisalud.com,3
11,Crystal Lyons,Odontologia General,3782104235,crystal.lyons@sonrisalud.com,24
12,Matthew Jordan,Ortodoncia,3804928715,matthew.jordan@sonrisalud.com,23
13,Denise Roach,Endodoncia,318778805,denise.roach@sonrisalud.com,14
14,Mr. Raymond Odom,Periodoncia,3203915582,mr..raymond.odom@sonrisalud.com,6
15,Sheri Ramirez,Odontologia General,3457616962,sheri.ramirez@sonrisalud.com,23
16,Jessica Jimenez,Endodoncia,3575970453,jessica.jimenez@sonrisalud.com,13
17,Jonathan Taylor,Periodoncia,3991207935,jonathan.taylor@sonrisalud.com,10
18,Christopher Scott,Endodoncia,3307765439,christopher.scott@sonrisalud.com,24
19,Edward Franklin,Periodoncia,3919354066,edward.franklin@sonrisalud.com,14
20,Antonio Anderson,Periodoncia,3173852788,antonio.anderson@sonrisalud.com,3
21,Robert Mccarthy,Periodoncia,3614501946,robert.mccarthy@sonrisalud.com,4
22,Carla Booth,Endodoncia,3825289418,carla.booth@sonrisalud.com,13
23,Sarah Thompson,Odontologia General,3607708256,sarah.thompson@sonrisalud.com,9
24,Kerry Powell,Periodoncia,3274147722,kerry.powell@sonrisalud.com,16
25,Bryan Taylor,Odontologia General,3846710828,bryan.taylor@sonrisalud.com,23
26,Michael Shepherd,Endodoncia,3278558432,michael.shepherd@sonrisalud.com,31
27,Cheryl Rios,Ortodoncia,3161849607,cheryl.rios@sonrisalud.com,9
28,Kevin Jenkins,Endodoncia,3977092668,kevin.jenkins@sonrisalud.com,4
29,Richard Carroll,Odontologia General,3587862574,richard.carroll@sonrisalud.com,16
30,Beverly Lopez,Ortodoncia,3971931859,beverly.lopez@sonrisalud.com,17
31,Marvin Martinez,Periodoncia,3244934115,marvin.martinez@sonrisalud.com,27
32,Brittany Day,Endodoncia,36864447,brittany.day@sonrisalud.com,16
33,Antonio Simmons,Endodoncia,3741795277,antonio.simmons@sonrisalud.com,19
34,Gabrielle Sanchez,Endodoncia,3296283233,gabrielle.sanchez@sonrisalud.com,10
35,Jennifer Martin,Ortodoncia,3865448436,jennifer.martin@sonrisalud.com,31
36,Alicia Sparks,Ortodoncia,3246099806,alicia.sparks@sonrisalud.com,19
37,Ross Blair,Endodoncia,3174051154,ross.blair@sonrisalud.com,5
38,Kathryn Wilkins,Ortodoncia,3721171193,kathryn.wilkins@sonrisalud.com,8
39,Matthew Garcia,Endodoncia,3947983915,matthew.garcia@sonrisalud.com,10
40,Derrick Adams,Periodoncia,3777109076,derrick.adams@sonrisalud.com,13
41,Aaron White,Endodoncia,3496703979,aaron.white@sonrisalud.com,23
42,Dr. Hailey Bonilla,Odontologia General,3767584680,dr..hailey.bonilla@sonrisalud.com,7
43,Tracy Williams MD,Endodoncia,3381084176,tracy.williams.md@sonrisalud.com,21
44,Pamela Brooks,Ortodoncia,3859303261,pamela.brooks@sonrisalud.com,14
45,Natalie Price MD,Endodoncia,3101201066,natalie.price.md@sonrisalud.com,3
46,Joseph Morris,Endodoncia,318537021,joseph.morris@sonrisalud.com,21
47,Victoria Carson,Ortodoncia,3754003055,victoria.carson@sonrisalud.com,17
48,Alicia Fields,Odontologia General,3379056844,alicia.fields@sonrisalud.com,8
49,Brooke Mccoy,Odontologia General,3417945169,brooke.mccoy@sonrisalud.com,26
50,Aaron Andersen,Endodoncia,3221636229,aaron.andersen@sonrisalud.com,27
51,Rebecca Mathis,Periodoncia,3646907151,rebecca.mathis@sonrisalud.com,29
52,Brittany Mcguire,Ortodoncia,3961661177,brittany.mcguire@sonrisalud.com,3
53,Mark Andrews,Odontologia General,3531843230,mark.andrews@sonrisalud.com,15
54,Bianca Walker DVM,Endodoncia,3349007381,bianca.walker.dvm@sonrisalud.com,28
55,Curtis Thomas,Endodoncia,3643088418,curtis.thomas@sonrisalud.com,17
56,Michael Peterson,Odontologia General,3411274748,michael.peterson@sonrisalud.com,28
57,Misty Sparks,Ortodoncia,3169079560,misty.sparks@sonrisalud.com,1
58,Nichole Gordon,Ortodoncia,3402800237,nichole.gordon@sonrisalud.com,26
59,Nicholas Ferguson,Odontologia General,3713596084,nicholas.ferguson@sonrisalud.com,25
60,Eric Hernandez,Ortodoncia,3316368113,eric.hernandez@sonrisalud.com,1
61,Peggy Nunez,Odontologia General,3437643773,peggy.nunez@sonrisalud.com,18
62,Christopher Munoz,Odontologia General,3999334245,christopher.munoz@sonrisalud.com,31
63,Norma Johnson,Endodoncia,3344987931,norma.johnson@sonrisalud.com,13
64,Kylie Smith,Ortodoncia,3849106526,kylie.smith@sonrisalud.com,3
65,Ian Vasquez,Periodoncia,317851248,ian.vasquez@sonrisalud.com,30
66,Nicole Roberts,Endodoncia,3178529948,nicole.roberts@sonrisalud.com,5
67,Caitlin Estes,Endodoncia,3189993032,caitlin.estes@sonrisalud.com,4
68,Adam Williams,Endodoncia,3612021363,adam.williams@sonrisalud.com,15
69,Kyle Rush,Ortodoncia,3891385453,kyle.rush@sonrisalud.com,26
70,Shannon Madden,Periodoncia,3433436900,shannon.madden@sonrisalud.com,20
71,Aaron Smith,Endodoncia,3436650184,aaron.smith@sonrisalud.com,8
72,Edward Adams,Periodoncia,3685314573,edward.adams@sonrisalud.com,4
73,Chad Allen,Ortodoncia,3689455465,chad.allen@sonrisalud.com,6
74,Elizabeth Butler,Ortodoncia,3783586135,elizabeth.butler@sonrisalud.com,16
75,Xavier Werner,Endodoncia,3541164126,xavier.werner@sonrisalud.com,15
76,Vanessa Craig,Periodoncia,3462656552,vanessa.craig@sonrisalud.com,28
77,Tanner Wood,Periodoncia,3888884152,tanner.wood@sonrisalud.com,1
78,Tammy Lucas,Periodoncia,3941747893,tammy.lucas@sonrisalud.com,8
79,Gloria Burns,Periodoncia,3241805765,gloria.burns@sonrisalud.com,9
80,Tina Browning,Periodoncia,3463543779,tina.browning@sonrisalud.com,21
81,Michelle Bauer,Endodoncia,3974438914,michelle.bauer@sonrisalud.com,31
82,Mary Jones,Periodoncia,3161558511,mary.jones@sonrisalud.com,27
83,Matthew Rowland,Periodoncia,31569486,matthew.rowland@sonrisalud.com,21
84,Mark Burke,Endodoncia,3914404880,mark.burke@sonrisalud.com,10
85,Tyler Brown,Odontologia General,3807185395,tyler.brown@sonrisalud.com,1
86,Allen Vaughn,Ortodoncia,3192510715,allen.vaughn@sonrisalud.com,3
87,Larry Gonzalez,Periodoncia,3849279832,larry.gonzalez@sonrisalud.com,9
88,Victoria Becker PhD,Odontologia General,326711771,victoria.becker.phd@sonrisalud.com,19
89,Emily Lee,Periodoncia,3156013042,emily.lee@sonrisalud.com,13
90,Ronald Christensen,Endodoncia,3951734590,ronald.christensen@sonrisalud.com,22
91,Janet Alvarez,Odontologia General,3892602974,janet.alvarez@sonrisalud.com,15
92,Amber Cooper,Endodoncia,3326927152,amber.cooper@sonrisalud.com,2
93,Jasmine Hamilton,Endodoncia,3526917400,jasmine.hamilton@sonrisalud.com,15
94,Lori Dillon,Periodoncia,3301823543,lori.dillon@sonrisalud.com,24
95,Mrs. Tiffany Robinson DDS,Ortodoncia,3703741818,mrs..tiffany.robinson.dds@sonrisalud.com,12
96,Brian Hogan,Odontologia General,3545130253,brian.hogan@sonrisalud.com,14
97,Anthony Madden,Endodoncia,3133250180,anthony.madden@sonrisalud.com,25
98,Thomas Lopez,Periodoncia,3451174686,thomas.lopez@sonrisalud.com,17
99,Vincent Reed,Periodoncia,3928556409,vincent.reed@sonrisalud.com,25
100,Olivia Howe,Periodoncia,3131945113,olivia.howe@sonrisalud.com,16
101,Max Morris,Endodoncia,3844463786,max.morris@sonrisalud.com,3
102,Stephanie Smith,Ortodoncia,3867300770,stephanie.smith@sonrisalud.com,22
103,Jessica Brown,Periodoncia,3658590255,jessica.brown@sonrisalud.com,7
104,David Hoffman,Odontologia General,3833198992,david.hoffman@sonrisalud.com,16
105,Corey Tate,Ortodoncia,36538374,corey.tate@sonrisalud.com,12
106,George Moran,Periodoncia,3651183965,george.moran@sonrisalud.com,21
107,Steven Barnes,Periodoncia,3942100865,steven.barnes@sonrisalud.com,19
108,Mrs. Jessica Miller,Periodoncia,3956861696,mrs..jessica.miller@sonrisalud.com,20
109,Jimmy Cain,Odontologia General,3994970271,jimmy.cain@sonrisalud.com,8
110,Joseph Thomas,Endodoncia,3636371002,joseph.thomas@sonrisalud.com,11
111,Lisa Reese,Periodoncia,3619202860,lisa.reese@sonrisalud.com,1
112,James Webb,Periodoncia,3463536280,james.webb@sonrisalud.com,27
113,Jeanne Kennedy,Periodoncia,3697421939,jeanne.kennedy@sonrisalud.com,28
114,Latasha White,Endodoncia,3757948746,latasha.white@sonrisalud.com,10
115,Dakota Ashley,Ortodoncia,3468657849,dakota.ashley@sonrisalud.com,21
116,Richard Johnson,Ortodoncia,3405217974,richard.johnson@sonrisalud.com,14
117,John Campbell,Endodoncia,328419790,john.campbell@sonrisalud.com,3
118,Timothy Gray,Endodoncia,3701231854,timothy.gray@sonrisalud.com,29
119,Edward Walker,Odontologia General,3909668155,edward.walker@sonrisalud.com,12
120,Diana Stanton,Odontologia General,3736715062,diana.stanton@sonrisalud.com,15
121,Carol Weber,Endodoncia,393103026,carol.weber@sonrisalud.com,6
122,Brenda Vargas,Odontologia General,3382960888,brenda.vargas@sonrisalud.com,29
123,James Jackson,Ortodoncia,3814190853,james.jackson@sonrisalud.com,7
124,April Edwards,Odontologia General,3277805419,april.edwards@sonrisalud.com,20
125,Lisa Craig,Odontologia General,3888478772,lisa.craig@sonrisalud.com,27
126,Michelle Moreno,Odontologia General,3307973715,michelle.moreno@sonrisalud.com,28
127,Donald Aguilar,Periodoncia,3414662512,donald.aguilar@sonrisalud.com,31
128,Matthew Rangel,Endodoncia,3457389837,matthew.rangel@sonrisalud.com,4
129,David Hodge,Periodoncia,3404568623,david.hodge@sonrisalud.com,21
130,Sharon Hawkins,Periodoncia,3791361868,sharon.hawkins@sonrisalud.com,8
131,Tiffany Lewis,Endodoncia,3396436265,tiffany.lewis@sonrisalud.com,9
132,Steven Rivera,Endodoncia,3186970328,steven.rivera@sonrisalud.com,26
133,Robin Fry,Periodoncia,3797826912,robin.fry@sonrisalud.com,26
134,Brian Armstrong,Ortodoncia,3367058838,brian.armstrong@sonrisalud.com,24
135,Christopher Beck,Ortodoncia,3836391734,christopher.beck@sonrisalud.com,30
136,Marcia Johnson,Ortodoncia,3555019888,marcia.johnson@sonrisalud.com,24
137,Joseph Rowe,Odontologia General,3789172579,joseph.rowe@sonrisalud.com,14
138,Douglas Harrington,Odontologia General,3384589094,douglas.harrington@sonrisalud.com,27
139,Tyler Becker,Odontologia General,3136533941,tyler.becker@sonrisalud.com,21
140,Benjamin Williams,Odontologia General,3317851505,benjamin.williams@sonrisalud.com,8
141,Tammy Ramirez,Ortodoncia,3609940312,tammy.ramirez@sonrisalud.com,2
142,Clinton Sims,Ortodoncia,3927200929,clinton.sims@sonrisalud.com,8
143,Brent Shaw,Odontologia General,333853636,brent.shaw@sonrisalud.com,16
144,Joshua Vasquez,Odontologia General,3513561070,joshua.vasquez@sonrisalud.com,29
145,Kathleen Moore,Periodoncia,3536370682,kathleen.moore@sonrisalud.com,17
146,Micheal Cook,Odontologia General,3421384158,micheal.cook@sonrisalud.com,30
147,Johnathan Jones,Ortodoncia,379883851,johnathan.jones@sonrisalud.com,22
148,Christopher Miller,Endodoncia,3931161225,christopher.miller@sonrisalud.com,3
149,Todd Moore,Ortodoncia,3413354717,todd.moore@sonrisalud.com,2
150,John Strong,Endodoncia,3402127636,john.strong@sonrisalud.com,30
151,Jessica Vaughn,Ortodoncia,3823666838,jessica.vaughn@sonrisalud.com,29
152,Matthew Berg,Periodoncia,3572825034,matthew.berg@sonrisalud.com,7
153,Frederick Garrison,Endodoncia,3491823596,frederick.garrison@sonrisalud.com,2
154,Margaret Garcia,Periodoncia,3836306605,margaret.garcia@sonrisalud.com,25
155,Karen Hill,Endodoncia,3199943753,karen.hill@sonrisalud.com,15
156,Whitney Ortega,Ortodoncia,3995069717,whitney.ortega@sonrisalud.com,7
157,Ashley Phelps,Ortodoncia,3548947982,ashley.phelps@sonrisalud.com,27
158,William Lam,Periodoncia,3188498613,william.lam@sonrisalud.com,21
159,Jennifer Flores,Ortodoncia,3638234219,jennifer.flores@sonrisalud.com,6
160,Anna Reyes,Odontologia General,3567723146,anna.reyes@sonrisalud.com,9
161,Teresa Nixon,Odontologia General,3328763457,teresa.nixon@sonrisalud.com,17
162,Alexa Beard,Odontologia General,3697317727,alexa.beard@sonrisalud.com,17
163,Shawn Cervantes,Periodoncia,3411463962,shawn.cervantes@sonrisalud.com,17
164,Stacy Hunt,Odontologia General,3417806514,stacy.hunt@sonrisalud.com,24
165,Scott Mendoza,Periodoncia,3138303086,scott.mendoza@sonrisalud.com,20
166,Brianna Williams,Endodoncia,3723568780,brianna.williams@sonrisalud.com,22
167,Steven Long,Periodoncia,3534701890,steven.long@sonrisalud.com,17
168,Nancy Butler,Ortodoncia,3763215394,nancy.butler@sonrisalud.com,5
169,Linda Rosales,Endodoncia,3628206976,linda.rosales@sonrisalud.com,15
170,John Stewart,Odontologia General,3928244615,john.stewart@sonrisalud.com,28
171,Daniel Campos,Ortodoncia,3214946453,daniel.campos@sonrisalud.com,14
172,Debbie Lopez,Odontologia General,3984091983,debbie.lopez@sonrisalud.com,19
173,Justin Carrillo,Periodoncia,3709295735,justin.carrillo@sonrisalud.com,22
174,William Trujillo,Odontologia General,3805559757,william.trujillo@sonrisalud.com,22
175,Regina Jones,Odontologia General,3445154280,regina.jones@sonrisalud.com,16
176,Bradley Smith,Endodoncia,3253241028,bradley.smith@sonrisalud.com,20
177,John Anderson,Ortodoncia,3783116298,john.anderson@sonrisalud.com,12
178,Joshua Johnson,Endodoncia,3714648893,joshua.johnson@sonrisalud.com,18
179,Stephen Gibson,Ortodoncia,3344980190,stephen.gibson@sonrisalud.com,14
180,Cory Silva,Periodoncia,3325081208,cory.silva@sonrisalud.com,1
181,Erin King,Endodoncia,345773626,erin.king@sonrisalud.com,3
182,Marie Carrillo,Periodoncia,3992128618,marie.carrillo@sonrisalud.com,31
183,Michael Graham,Ortodoncia,3119641199,michael.graham@sonrisalud.com,18
184,Erika Wilkerson,Odontologia General,3717399840,erika.wilkerson@sonrisalud.com,21
185,Emily Henderson,Endodoncia,3164245884,emily.henderson@sonrisalud.com,30
186,John Sandoval,Ortodoncia,3186732755,john.sandoval@sonrisalud.com,31
187,Jamie Peck,Ortodoncia,383909411,jamie.peck@sonrisalud.com,9
188,Jeffrey Kane,Endodoncia,3825107514,jeffrey.kane@sonrisalud.com,5
189,Donna Boone,Endodoncia,3259372911,donna.boone@sonrisalud.com,26
190,Drew Davis,Endodoncia,3766391684,drew.davis@sonrisalud.com,28
191,Walter Reeves,Odontologia General,3489883813,walter.reeves@sonrisalud.com,27
192,Debra Duncan,Periodoncia,3821020496,debra.duncan@sonrisalud.com,6
193,Emily Dean,Endodoncia,3903550415,emily.dean@sonrisalud.com,16
194,Ashley Ramos,Ortodoncia,3304034269,ashley.ramos@sonrisalud.com,11
195,Cynthia Scott,Ortodoncia,33054891,cynthia.scott@sonrisalud.com,26
196,Martha Martin,Odontologia General,3989972498,martha.martin@sonrisalud.com,30
197,Cheryl White,Periodoncia,3143893526,cheryl.white@sonrisalud.com,18
198,Karen Johnson,Periodoncia,3997627381,karen.johnson@sonrisalud.com,4
199,Linda Watts,Endodoncia,3439905027,linda.watts@sonrisalud.com,12
200,Matthew Baker,Odontologia General,3249146240,matthew.baker@sonrisalud.com,14
201,Elizabeth Coleman,Endodoncia,3442396328,elizabeth.coleman@sonrisalud.com,4
202,Stephen Pennington,Ortodoncia,3315170869,stephen.pennington@sonrisalud.com,18
203,Charles Rubio,Odontologia General,3257873447,charles.rubio@sonrisalud.com,19
204,Sarah Martinez,Odontologia General,3448406529,sarah.martinez@sonrisalud.com,31
205,Natasha Daniel,Odontologia General,320678752,natasha.daniel@sonrisalud.com,27
206,Jenna Hall,Periodoncia,3874210476,jenna.hall@sonrisalud.com,2
207,Tamara Johnson,Ortodoncia,3399660239,tamara.johnson@sonrisalud.com,2
208,Amber Warren,Periodoncia,383684975,amber.warren@sonrisalud.com,11
209,Julie Collins,Odontologia General,3767429378,julie.collins@sonrisalud.com,17
210,Alyssa Parks,Endodoncia,3847322936,alyssa.parks@sonrisalud.com,31
211,Mitchell Thomas,Ortodoncia,3705847817,mitchell.thomas@sonrisalud.com,26
212,Eric Flynn,Periodoncia,3511764894,eric.flynn@sonrisalud.com,10
213,Kelly Manning,Periodoncia,3628322590,kelly.manning@sonrisalud.com,18
214,James Barnes,Odontologia General,380625675,james.barnes@sonrisalud.com,29
215,Jacqueline Ellis,Ortodoncia,3504244550,jacqueline.ellis@sonrisalud.com,20
216,Michelle Smith,Ortodoncia,3618643492,michelle.smith@sonrisalud.com,1
217,Lori Carlson,Odontologia General,362919393,lori.carlson@sonrisalud.com,12
218,Eric Leach,Periodoncia,3898373326,eric.leach@sonrisalud.com,28
219,Keith Griffin,Ortodoncia,3364490460,keith.griffin@sonrisalud.com,8
220,Lauren Cox,Periodoncia,3668142114,lauren.cox@sonrisalud.com,7
221,Jasmine Thomas,Ortodoncia,3904024745,jasmine.thomas@sonrisalud.com,10
222,Stephen Guerrero,Periodoncia,380239419,stephen.guerrero@sonrisalud.com,26
223,Samuel White,Ortodoncia,3381913561,samuel.white@sonrisalud.com,29
224,Kim West,Ortodoncia,3922593206,kim.west@sonrisalud.com,31
225,Taylor Spencer,Periodoncia,3754597308,taylor.spencer@sonrisalud.com,26
226,Christopher Brown,Odontologia General,3704099126,christopher.brown@sonrisalud.com,29
227,Jimmy Thompson,Endodoncia,3593207911,jimmy.thompson@sonrisalud.com,8
228,Gina Torres,Ortodoncia,3456971578,gina.torres@sonrisalud.com,21
229,Mitchell Powell,Periodoncia,3104755250,mitchell.powell@sonrisalud.com,19
230,Mary Morales,Odontologia General,3297501822,mary.morales@sonrisalud.com,30
231,Andrew Merritt,Periodoncia,3529269637,andrew.merritt@sonrisalud.com,24
232,Dawn Walsh,Odontologia General,3513175061,dawn.walsh@sonrisalud.com,15
233,Kathryn Quinn,Odontologia General,3396901662,kathryn.quinn@sonrisalud.com,3
234,Mark Woods,Periodoncia,3706405997,mark.woods@sonrisalud.com,24
235,Mark Andrews,Endodoncia,373631086,mark.andrews@sonrisalud.com,8
236,Amber Petersen MD,Periodoncia,3227397112,amber.petersen.md@sonrisalud.com,6
237,Victoria Sims,Odontologia General,3112428526,victoria.sims@sonrisalud.com,26
238,Jeffrey Adams,Endodoncia,3197886745,jeffrey.adams@sonrisalud.com,16
239,Rebecca Martinez,Periodoncia,3896678663,rebecca.martinez@sonrisalud.com,5
240,Amber Rivas,Periodoncia,3968962696,amber.rivas@sonrisalud.com,24
241,Angel Logan,Periodoncia,3908196400,angel.logan@sonrisalud.com,3
242,Joseph Johnson,Ortodoncia,3404831419,joseph.johnson@sonrisalud.com,14
243,Kristina Martinez,Ortodoncia,3651661601,kristina.martinez@sonrisalud.com,6
244,Shawn Jones DVM,Odontologia General,3315034207,shawn.jones.dvm@sonrisalud.com,2
245,Bobby Taylor,Ortodoncia,351951524,bobby.taylor@sonrisalud.com,18
246,Karen Moreno,Periodoncia,3577235725,karen.moreno@sonrisalud.com,9
247,Jasmine Williams,Endodoncia,3776923081,jasmine.williams@sonrisalud.com,11
248,Bradley Lee,Endodoncia,3321334869,bradley.lee@sonrisalud.com,24
249,Kristen Harper,Endodoncia,3739793753,kristen.harper@sonrisalud.com,9
250,Timothy Chavez,Endodoncia,3694271032,timothy.chavez@sonrisalud.com,29
251,Christopher Jones,Periodoncia,395167662,christopher.jones@sonrisalud.com,29
252,David Winters,Periodoncia,3969180395,david.winters@sonrisalud.com,10
253,Monica Owens,Ortodoncia,3665807629,monica.owens@sonrisalud.com,19
254,Shannon Edwards,Odontologia General,3984205951,shannon.edwards@sonrisalud.com,29
255,Jacob Griffin,Periodoncia,3356464081,jacob.griffin@sonrisalud.com,30
256,Derek Wade,Ortodoncia,3406408231,derek.wade@sonrisalud.com,22
257,Shannon Mcmillan,Periodoncia,3994963150,shannon.mcmillan@sonrisalud.com,2
258,Paul Rivera,Odontologia General,345145861,paul.rivera@sonrisalud.com,3
259,Becky Hoffman,Odontologia General,3463870745,becky.hoffman@sonrisalud.com,22
260,Morgan Ray,Endodoncia,3913199885,morgan.ray@sonrisalud.com,16
261,Jesse Cruz,Endodoncia,3901640140,jesse.cruz@sonrisalud.com,3
262,William Chan,Periodoncia,366569763,william.chan@sonrisalud.com,23
263,Douglas Morales,Endodoncia,3214961131,douglas.morales@sonrisalud.com,20
264,Brian Nichols,Odontologia General,3323378777,brian.nichols@sonrisalud.com,8
265,Brian Johnson,Periodoncia,3778428719,brian.johnson@sonrisalud.com,17
266,Michael Lamb,Endodoncia,3428094065,michael.lamb@sonrisalud.com,18
267,Nicholas Rogers,Periodoncia,3247867296,nicholas.rogers@sonrisalud.com,4
268,Alexandra Wolfe,Endodoncia,3386677458,alexandra.wolfe@sonrisalud.com,23
269,Michael Wu,Ortodoncia,360243516,michael.wu@sonrisalud.com,16
270,David Willis,Ortodoncia,3686193841,david.willis@sonrisalud.com,16
271,Darin Ward,Odontologia General,3916242293,darin.ward@sonrisalud.com,6
272,Daniel Robinson,Endodoncia,370429843,daniel.robinson@sonrisalud.com,20
273,Alexa Green,Endodoncia,3921070605,alexa.green@sonrisalud.com,29
274,Daisy Gomez,Periodoncia,3936860067,daisy.gomez@sonrisalud.com,7
275,Sandra Garcia,Endodoncia,315634315,sandra.garcia@sonrisalud.com,19
276,Terry Reese,Odontologia General,3241640611,terry.reese@sonrisalud.com,15
277,Karen Johnson,Endodoncia,3597620879,karen.johnson@sonrisalud.com,23
278,Barbara Olson,Odontologia General,3852602464,barbara.olson@sonrisalud.com,26
279,Jason Kennedy,Ortodoncia,3726857048,jason.kennedy@sonrisalud.com,17
280,Carla Reynolds,Ortodoncia,3986226461,carla.reynolds@sonrisalud.com,13
281,Debra Cohen,Odontologia General,3663971312,debra.cohen@sonrisalud.com,23
282,Brittany Baxter,Ortodoncia,3976172857,brittany.baxter@sonrisalud.com,22
283,Jennifer Johnson,Ortodoncia,3604638522,jennifer.johnson@sonrisalud.com,12
284,Samantha Kelly,Ortodoncia,3681548024,samantha.kelly@sonrisalud.com,13
285,Guy Kennedy,Ortodoncia,3165605355,guy.kennedy@sonrisalud.com,15
286,Jeremy Thompson,Endodoncia,3823452778,jeremy.thompson@sonrisalud.com,4
287,Eric Patterson,Endodoncia,3853633062,eric.patterson@sonrisalud.com,14
288,Amy Peters,Periodoncia,32857572,amy.peters@sonrisalud.com,17
289,Brian Coleman,Endodoncia,3269073311,brian.coleman@sonrisalud.com,16
290,Jessica Hicks,Endodoncia,324442519,jessica.hicks@sonrisalud.com,8
291,Julia Rodriguez,Ortodoncia,3554001829,julia.rodriguez@sonrisalud.com,20
292,Holly Thompson,Ortodoncia,3324462128,holly.thompson@sonrisalud.com,3
293,Justin Macias,Endodoncia,3638836250,justin.macias@sonrisalud.com,7
294,Aaron Gilbert,Ortodoncia,3707530810,aaron.gilbert@sonrisalud.com,23
295,Kevin Mitchell,Ortodoncia,3678463010,kevin.mitchell@sonrisalud.com,14
296,Thomas Myers,Ortodoncia,3948758499,thomas.myers@sonrisalud.com,19
297,Kathleen Stanton,Odontologia General,392532621,kathleen.stanton@sonrisalud.com,3
298,David Hanson,Odontologia General,3617161684,david.hanson@sonrisalud.com,6
299,Angela Werner,Odontologia General,3661242969,angela.werner@sonrisalud.com,5
300,Timothy Young,Periodoncia,3872498628,timothy.young@sonrisalud.com,4
301,James Barber,Endodoncia,3459830789,james.barber@sonrisalud.com,20
302,Rachel Martin,Odontologia General,3868911266,rachel.martin@sonrisalud.com,18
303,Earl Jackson,Odontologia General,3747227547,earl.jackson@sonrisalud.com,6
304,Alex Maxwell,Ortodoncia,3939259870,alex.maxwell@sonrisalud.com,13
305,Mason Barnes,Odontologia General,3673843486,mason.barnes@sonrisalud.com,26
306,Katherine Brown,Periodoncia,3686699582,katherine.brown@sonrisalud.com,26
307,Lisa Rivera,Ortodoncia,3507169911,lisa.rivera@sonrisalud.com,20
308,David Weaver,Periodoncia,3572570856,david.weaver@sonrisalud.com,30
309,Edwin Rivers,Ortodoncia,3211442176,edwin.rivers@sonrisalud.com,5
310,Michelle Sparks,Odontologia General,3226261976,michelle.sparks@sonrisalud.com,8
311,Alison Miller,Ortodoncia,3859431856,alison.miller@sonrisalud.com,21
312,Donald Powell V,Ortodoncia,3625942391,donald.powell.v@sonrisalud.com,27
313,Clarence Freeman,Ortodoncia,3465252022,clarence.freeman@sonrisalud.com,22
314,Kristine Vaughn,Ortodoncia,3838522969,kristine.vaughn@sonrisalud.com,13
315,Wendy Rojas,Endodoncia,3948099795,wendy.rojas@sonrisalud.com,14
316,Eric Roberts,Ortodoncia,3549342586,eric.roberts@sonrisalud.com,23
317,Omar Ford,Ortodoncia,3459641799,omar.ford@sonrisalud.com,14
318,Caitlin Hernandez,Odontologia General,3819350543,caitlin.hernandez@sonrisalud.com,2
319,Joshua Nguyen,Periodoncia,3133036879,joshua.nguyen@sonrisalud.com,17
320,Morgan Reese,Periodoncia,3535899195,morgan.reese@sonrisalud.com,1
321,Robert Marshall,Endodoncia,3289511291,robert.marshall@sonrisalud.com,25
322,Jennifer Garza,Ortodoncia,328524340,jennifer.garza@sonrisalud.com,5
323,James Johnson,Endodoncia,3587053620,james.johnson@sonrisalud.com,29
324,Becky Williams,Periodoncia,3306218460,becky.williams@sonrisalud.com,19
325,Jonathan Brown,Periodoncia,3821435342,jonathan.brown@sonrisalud.com,3
326,Jonathan Ramirez,Endodoncia,330844876,jonathan.ramirez@sonrisalud.com,5
327,Jack Davis,Periodoncia,3667123787,jack.davis@sonrisalud.com,31
328,Adrian Hansen,Odontologia General,3634592979,adrian.hansen@sonrisalud.com,13
329,Michael Bryan,Ortodoncia,3547222753,michael.bryan@sonrisalud.com,7
330,Stephen Harris,Periodoncia,3969961141,stephen.harris@sonrisalud.com,31
331,David Sanford,Periodoncia,3153709685,david.sanford@sonrisalud.com,25
332,Meghan Quinn,Ortodoncia,3103439650,meghan.quinn@sonrisalud.com,19
333,Michael Landry,Endodoncia,3274296905,michael.landry@sonrisalud.com,18
334,Cody Martinez,Periodoncia,325139686,cody.martinez@sonrisalud.com,31
335,Aaron Fox,Odontologia General,3322177376,aaron.fox@sonrisalud.com,24
336,Dawn Bailey,Endodoncia,3749383825,dawn.bailey@sonrisalud.com,22
337,Mrs. Lisa Blake MD,Ortodoncia,360719714,mrs..lisa.blake.md@sonrisalud.com,27
338,Jamie Cross,Ortodoncia,3681316317,jamie.cross@sonrisalud.com,20
339,Mr. Frederick Baker DDS,Odontologia General,3836795090,mr..frederick.baker.dds@sonrisalud.com,26
340,William Kramer,Periodoncia,3246805314,william.kramer@sonrisalud.com,2
341,Jillian Martin,Periodoncia,3317729145,jillian.martin@sonrisalud.com,23
342,Lisa Valencia,Ortodoncia,3651786088,lisa.valencia@sonrisalud.com,15
343,Jared Smith,Odontologia General,3856728433,jared.smith@sonrisalud.com,5
344,John Murillo,Odontologia General,3495706087,john.murillo@sonrisalud.com,14
345,Emily Arroyo,Periodoncia,3311291433,emily.arroyo@sonrisalud.com,7
346,Yolanda Jordan,Endodoncia,3545900476,yolanda.jordan@sonrisalud.com,9
347,Ms. Alicia David,Endodoncia,3232466926,ms..alicia.david@sonrisalud.com,16
348,Benjamin Oconnor,Endodoncia,3322574729,benjamin.oconnor@sonrisalud.com,4
349,Robin Rice,Endodoncia,3908299908,robin.rice@sonrisalud.com,29
350,Antonio Robinson,Odontologia General,3979480600,antonio.robinson@sonrisalud.com,20
351,Susan Harris,Periodoncia,3297387995,susan.harris@sonrisalud.com,4
352,Erin Buckley,Odontologia General,3665090483,erin.buckley@sonrisalud.com,17
353,Pamela Hoover,Ortodoncia,3558521700,pamela.hoover@sonrisalud.com,4
354,James Daniel,Periodoncia,3697591856,james.daniel@sonrisalud.com,3
355,Bianca Brown,Ortodoncia,3574826353,bianca.brown@sonrisalud.com,4
356,Daniel Nguyen,Ortodoncia,3889977005,daniel.nguyen@sonrisalud.com,24
357,Kristy Paul,Odontologia General,3849309885,kristy.paul@sonrisalud.com,3
358,William Barber,Odontologia General,3833168134,william.barber@sonrisalud.com,20
359,Whitney Nichols,Odontologia General,3742541028,whitney.nichols@sonrisalud.com,3
360,Ana Morgan,Odontologia General,3235771929,ana.morgan@sonrisalud.com,5
361,Kristin Chapman DDS,Endodoncia,3154166449,kristin.chapman.dds@sonrisalud.com,28
362,Debra Clayton,Odontologia General,3778780256,debra.clayton@sonrisalud.com,10
363,Heather Moore,Periodoncia,3574756166,heather.moore@sonrisalud.com,24
364,Michelle Peterson,Odontologia General,353888547,michelle.peterson@sonrisalud.com,21
365,Eric Rogers,Ortodoncia,3521595546,eric.rogers@sonrisalud.com,24
366,Chad Moore,Periodoncia,3422532845,chad.moore@sonrisalud.com,21
367,Carla Barber,Ortodoncia,3842382774,carla.barber@sonrisalud.com,22
368,Ryan Moore,Periodoncia,3936585963,ryan.moore@sonrisalud.com,8
369,Joseph Carr,Ortodoncia,3499387156,joseph.carr@sonrisalud.com,24
370,Michele Chen,Periodoncia,3268841414,michele.chen@sonrisalud.com,5
371,John White,Odontologia General,3756080468,john.white@sonrisalud.com,2
372,Stephen Lee,Periodoncia,3493034309,stephen.lee@sonrisalud.com,13
373,Timothy Barron,Periodoncia,3723231313,timothy.barron@sonrisalud.com,14
374,April Torres,Endodoncia,3291304615,april.torres@sonrisalud.com,18
375,Ray Summers,Ortodoncia,3749065850,ray.summers@sonrisalud.com,3
376,Heidi Terry DDS,Periodoncia,3892208638,heidi.terry.dds@sonrisalud.com,24
377,Karen Curry,Endodoncia,3303044091,karen.curry@sonrisalud.com,10
378,Ashley Short,Odontologia General,3156903063,ashley.short@sonrisalud.com,23
379,Jason Brown,Endodoncia,3664790297,jason.brown@sonrisalud.com,28
380,Samantha Mckee,Endodoncia,3784022581,samantha.mckee@sonrisalud.com,19
381,Jason Perkins MD,Odontologia General,3346181347,jason.perkins.md@sonrisalud.com,28
382,Travis Mathews,Odontologia General,3466416756,travis.mathews@sonrisalud.com,26
383,Michael Powers,Endodoncia,3352331942,michael.powers@sonrisalud.com,16
384,Richard Whitaker,Ortodoncia,3928072973,richard.whitaker@sonrisalud.com,23
385,Anne Guerra,Ortodoncia,3762101745,anne.guerra@sonrisalud.com,18
386,Shelby Gray,Ortodoncia,3304586678,shelby.gray@sonrisalud.com,28
387,Michael Fields,Endodoncia,3651548698,michael.fields@sonrisalud.com,14
388,Vanessa Lara,Odontologia General,354457451,vanessa.lara@sonrisalud.com,26
389,Andrew King,Ortodoncia,3608432281,andrew.king@sonrisalud.com,23
390,Cindy Bell,Endodoncia,3591379112,cindy.bell@sonrisalud.com,23
391,Stephanie Murray,Endodoncia,3135356644,stephanie.murray@sonrisalud.com,6
392,Henry Barnett,Periodoncia,3282318538,henry.barnett@sonrisalud.com,3
393,Veronica Davis,Periodoncia,3702338554,veronica.davis@sonrisalud.com,30
394,Joseph Nelson,Odontologia General,38898100,joseph.nelson@sonrisalud.com,5
395,Howard Ellis,Ortodoncia,3423628086,howard.ellis@sonrisalud.com,9
396,Sherri Nichols,Odontologia General,3244843542,sherri.nichols@sonrisalud.com,15
397,Tyler Harris,Periodoncia,325811102,tyler.harris@sonrisalud.com,15
398,Kathryn Hill,Odontologia General,3917679093,kathryn.hill@sonrisalud.com,4
399,Ashley Vega,Ortodoncia,3739003490,ashley.vega@sonrisalud.com,2
400,Kimberly Hunter,Endodoncia,3284896733,kimberly.hunter@sonrisalud.com,27
401,Matthew Contreras,Ortodoncia,3885929270,matthew.contreras@sonrisalud.com,15
402,Brittany Rogers,Odontologia General,3331446363,brittany.rogers@sonrisalud.com,23
403,Michael Thomas,Ortodoncia,3779138180,michael.thomas@sonrisalud.com,2
404,John Knapp,Odontologia General,370740386,john.knapp@sonrisalud.com,24
405,Aaron Campos,Periodoncia,342282499,aaron.campos@sonrisalud.com,22
406,Andre Baird,Ortodoncia,3544055421,andre.baird@sonrisalud.com,6
407,Michael Fuentes,Periodoncia,327753829,michael.fuentes@sonrisalud.com,22
408,Robert Baker,Periodoncia,3922947508,robert.baker@sonrisalud.com,29
409,Breanna Gonzalez,Odontologia General,3903068117,breanna.gonzalez@sonrisalud.com,8
410,Timothy Hawkins,Ortodoncia,368630485,timothy.hawkins@sonrisalud.com,18
411,Veronica Chavez,Endodoncia,3153356548,veronica.chavez@sonrisalud.com,3
412,Kevin Mayo,Periodoncia,3498656701,kevin.mayo@sonrisalud.com,25
413,Elizabeth Garcia,Odontologia General,342624394,elizabeth.garcia@sonrisalud.com,12
414,Mary Medina,Periodoncia,355812018,mary.medina@sonrisalud.com,21
415,Howard Stanton PhD,Periodoncia,3256184337,howard.stanton.phd@sonrisalud.com,27
416,Casey Ritter,Odontologia General,3666496822,casey.ritter@sonrisalud.com,21
417,Louis Schneider,Endodoncia,3738357057,louis.schneider@sonrisalud.com,23
418,Charles Sanchez,Periodoncia,3207131922,charles.sanchez@sonrisalud.com,5
419,Douglas Walker,Odontologia General,3873037557,douglas.walker@sonrisalud.com,18
420,Laura Carrillo,Periodoncia,3231353333,laura.carrillo@sonrisalud.com,20
421,Derrick Olson,Periodoncia,3497491225,derrick.olson@sonrisalud.com,27
422,Dean Tanner,Endodoncia,3987457546,dean.tanner@sonrisalud.com,22
423,Christine Wright,Odontologia General,3155924963,christine.wright@sonrisalud.com,27
424,Nicholas Watson,Periodoncia,391972308,nicholas.watson@sonrisalud.com,4
425,Carla Miller,Odontologia General,3568618154,carla.miller@sonrisalud.com,10
426,Bryan Morgan,Ortodoncia,3287361320,bryan.morgan@sonrisalud.com,3
427,Bradley Boyer,Endodoncia,3183969345,bradley.boyer@sonrisalud.com,23
428,Joseph Garcia,Periodoncia,3599526785,joseph.garcia@sonrisalud.com,3
429,Joseph Cisneros,Endodoncia,3967558448,joseph.cisneros@sonrisalud.com,23
430,Rachel Ramsey,Periodoncia,3661299923,rachel.ramsey@sonrisalud.com,8
431,Vanessa Edwards,Periodoncia,3605284512,vanessa.edwards@sonrisalud.com,17
432,Luke Mullins,Endodoncia,324444753,luke.mullins@sonrisalud.com,11
433,Dillon Calhoun,Odontologia General,3766502570,dillon.calhoun@sonrisalud.com,7
434,Christopher Hawkins,Periodoncia,3437497220,christopher.hawkins@sonrisalud.com,13
435,Andrew Tran,Periodoncia,3988250971,andrew.tran@sonrisalud.com,12
436,Amanda Moore,Ortodoncia,3271252387,amanda.moore@sonrisalud.com,28
437,Heidi Mayer,Endodoncia,3661482884,heidi.mayer@sonrisalud.com,20
438,Julie James,Periodoncia,3189237420,julie.james@sonrisalud.com,18
439,Jimmy Turner,Periodoncia,3302930762,jimmy.turner@sonrisalud.com,23
440,Jonathan Thornton,Endodoncia,3253381891,jonathan.thornton@sonrisalud.com,8
441,James Norman,Endodoncia,373450972,james.norman@sonrisalud.com,23
442,Amanda Weber,Periodoncia,3699265099,amanda.weber@sonrisalud.com,8
443,Susan Brooks,Ortodoncia,3185199037,susan.brooks@sonrisalud.com,25
444,Bobby Gonzalez,Odontologia General,3776901998,bobby.gonzalez@sonrisalud.com,26
445,Heather Potter,Ortodoncia,3265328841,heather.potter@sonrisalud.com,4
446,Frank Delgado,Odontologia General,3698689860,frank.delgado@sonrisalud.com,22
447,Christian Johnson,Endodoncia,3809871412,christian.johnson@sonrisalud.com,11
448,Juan Whitaker,Endodoncia,3658446654,juan.whitaker@sonrisalud.com,3
449,Alan Williams,Ortodoncia,3762577173,alan.williams@sonrisalud.com,19
450,Jesus Reid,Endodoncia,3305423349,jesus.reid@sonrisalud.com,14
451,Julie Chung DVM,Periodoncia,3764775539,julie.chung.dvm@sonrisalud.com,5
452,Lee Perkins,Periodoncia,3359251585,lee.perkins@sonrisalud.com,17
453,Stephen Turner,Endodoncia,3905090553,stephen.turner@sonrisalud.com,5
454,Daryl Madden,Endodoncia,3859751631,daryl.madden@sonrisalud.com,9
455,David Gonzales,Endodoncia,3945674316,david.gonzales@sonrisalud.com,3
456,Lindsey Robinson,Ortodoncia,320772722,lindsey.robinson@sonrisalud.com,16
457,David Gross,Endodoncia,3836999166,david.gross@sonrisalud.com,2
458,Samuel Ryan,Odontologia General,3909163271,samuel.ryan@sonrisalud.com,18
459,Angela Schmidt,Periodoncia,3714118369,angela.schmidt@sonrisalud.com,25
460,Melissa Owens,Periodoncia,3681234284,melissa.owens@sonrisalud.com,3
461,George Flores,Endodoncia,3666982975,george.flores@sonrisalud.com,30
462,John Barber,Odontologia General,3365717484,john.barber@sonrisalud.com,9
463,Marco Rogers PhD,Periodoncia,3505804356,marco.rogers.phd@sonrisalud.com,25
464,Jason Pittman,Endodoncia,3578649932,jason.pittman@sonrisalud.com,6
465,Kathleen Wood,Periodoncia,3407836111,kathleen.wood@sonrisalud.com,7
466,Michael Ortega,Periodoncia,3674169388,michael.ortega@sonrisalud.com,9
467,Brenda Montgomery,Ortodoncia,3164878949,brenda.montgomery@sonrisalud.com,24
468,Rhonda Raymond,Odontologia General,3412689315,rhonda.raymond@sonrisalud.com,20
469,Mrs. Brittney Morse PhD,Periodoncia,3342683322,mrs..brittney.morse.phd@sonrisalud.com,31
470,Benjamin Daniels,Odontologia General,3735186450,benjamin.daniels@sonrisalud.com,31
471,Mark Wiggins,Ortodoncia,3216607509,mark.wiggins@sonrisalud.com,29
472,David Palmer,Endodoncia,3379796890,david.palmer@sonrisalud.com,22
473,April Owens,Ortodoncia,3164730376,april.owens@sonrisalud.com,31
474,Christian Shaw,Odontologia General,3469014176,christian.shaw@sonrisalud.com,1
475,Cynthia Miller,Ortodoncia,3652257055,cynthia.miller@sonrisalud.com,16
476,Alex Gillespie,Periodoncia,3616149410,alex.gillespie@sonrisalud.com,3
477,Kathy Myers,Odontologia General,3169577738,kathy.myers@sonrisalud.com,12
478,Joseph Maynard,Periodoncia,3804851933,joseph.maynard@sonrisalud.com,4
479,Steven Bennett,Odontologia General,3747565692,steven.bennett@sonrisalud.com,17
480,Bradley Torres,Ortodoncia,3261632046,bradley.torres@sonrisalud.com,25
481,Cathy Diaz,Periodoncia,3539368865,cathy.diaz@sonrisalud.com,23
482,Raven Swanson,Endodoncia,3358551658,raven.swanson@sonrisalud.com,25
483,John Young,Ortodoncia,315662868,john.young@sonrisalud.com,8
484,Thomas Hodges,Periodoncia,3708722957,thomas.hodges@sonrisalud.com,29
485,Jeremiah Johnson,Endodoncia,3878658751,jeremiah.johnson@sonrisalud.com,8
486,Melissa Ray,Periodoncia,3885354047,melissa.ray@sonrisalud.com,10
487,Lisa Smith,Odontologia General,3885030319,lisa.smith@sonrisalud.com,21
488,Christopher Patel,Odontologia General,3825039651,christopher.patel@sonrisalud.com,30
489,Erica Brown,Ortodoncia,3575567278,erica.brown@sonrisalud.com,7
490,Jack Davidson,Odontologia General,3845171977,jack.davidson@sonrisalud.com,2
491,Nathaniel Frost,Odontologia General,3439715188,nathaniel.frost@sonrisalud.com,14
492,William Martin,Ortodoncia,3848070593,william.martin@sonrisalud.com,10
493,Sandra Martin,Odontologia General,3284073384,sandra.martin@sonrisalud.com,3
494,Chelsea Turner,Ortodoncia,334327716,chelsea.turner@sonrisalud.com,28
495,Christine Clark,Periodoncia,3632550594,christine.clark@sonrisalud.com,26
496,Chad Smith,Endodoncia,3628429134,chad.smith@sonrisalud.com,30
497,Debbie Johnson,Ortodoncia,3278712060,debbie.johnson@sonrisalud.com,13
498,Kevin Spencer,Periodoncia,3948035733,kevin.spencer@sonrisalud.com,24
499,Andrew Bailey,Periodoncia,3327721874,andrew.bailey@sonrisalud.com,21
500,Edward Mcgrath,Periodoncia,3964445261,edward.mcgrath@sonrisalud.com,30
501,Kathleen Fox,Endodoncia,3414690950,kathleen.fox@sonrisalud.com,19
502,Jessica Parker,Endodoncia,3484858684,jessica.parker@sonrisalud.com,13
503,Jamie Compton,Odontologia General,3508059765,jamie.compton@sonrisalud.com,22
504,Shawn Brown,Periodoncia,3462054708,shawn.brown@sonrisalud.com,24
505,Denise Reed,Odontologia General,3542467461,denise.reed@sonrisalud.com,18
506,Eric Price,Ortodoncia,3461335893,eric.price@sonrisalud.com,22
507,Barbara Cox,Odontologia General,3934312415,barbara.cox@sonrisalud.com,30
508,Chelsea Morales,Endodoncia,3359045838,chelsea.morales@sonrisalud.com,17
509,Lauren Patterson,Periodoncia,3271842517,lauren.patterson@sonrisalud.com,15
510,Grant Rubio,Endodoncia,3168919397,grant.rubio@sonrisalud.com,14
511,Thomas Torres,Endodoncia,3161691042,thomas.torres@sonrisalud.com,26
512,Philip Nelson,Periodoncia,3701696863,philip.nelson@sonrisalud.com,8
513,Robert Hall,Ortodoncia,3802659811,robert.hall@sonrisalud.com,26
514,Lisa Eaton,Odontologia General,3713356315,lisa.eaton@sonrisalud.com,18
515,Randall Chavez,Periodoncia,3461002583,randall.chavez@sonrisalud.com,5
516,Ryan Houston,Endodoncia,378635760,ryan.houston@sonrisalud.com,11
517,Dr. Kristi Garcia,Odontologia General,332619681,dr..kristi.garcia@sonrisalud.com,25
518,Tammy Smith,Odontologia General,3334866449,tammy.smith@sonrisalud.com,3
519,Kevin Cole,Ortodoncia,3489538818,kevin.cole@sonrisalud.com,6
520,Paul Martinez,Periodoncia,3467632712,paul.martinez@sonrisalud.com,31
521,Tonya Price,Endodoncia,3747862085,tonya.price@sonrisalud.com,17
522,Ellen Beard,Endodoncia,3245557958,ellen.beard@sonrisalud.com,10
523,David Bowen,Odontologia General,3924326188,david.bowen@sonrisalud.com,11
524,John Jones,Ortodoncia,3534959685,john.jones@sonrisalud.com,12
525,Jessica Sullivan,Endodoncia,3886812999,jessica.sullivan@sonrisalud.com,27
526,Jeremy Holden,Periodoncia,3216734865,jeremy.holden@sonrisalud.com,6
527,Anita Powers,Endodoncia,3278020350,anita.powers@sonrisalud.com,20
528,Jason Smith,Endodoncia,3104385250,jason.smith@sonrisalud.com,24
529,Elizabeth Richardson DVM,Endodoncia,3674489421,elizabeth.richardson.dvm@sonrisalud.com,21
530,Valerie Brown,Periodoncia,3849621287,valerie.brown@sonrisalud.com,1
531,Zachary Flowers DVM,Periodoncia,3936042283,zachary.flowers.dvm@sonrisalud.com,15
532,Marco Cruz,Ortodoncia,3951993483,marco.cruz@sonrisalud.com,29
533,Michelle Wilkins,Periodoncia,3306811762,michelle.wilkins@sonrisalud.com,19
534,Nancy Harper,Ortodoncia,3914959909,nancy.harper@sonrisalud.com,23
535,Dr. Sandra Benson MD,Endodoncia,3382250912,dr..sandra.benson.md@sonrisalud.com,30
536,Kim Vazquez,Endodoncia,3686278384,kim.vazquez@sonrisalud.com,26
537,Clarence Clayton,Odontologia General,3783674338,clarence.clayton@sonrisalud.com,15
538,Steven Schultz,Ortodoncia,3777505187,steven.schultz@sonrisalud.com,23
539,Melinda Miller,Ortodoncia,3821892551,melinda.miller@sonrisalud.com,3
540,Michael Clark,Endodoncia,3839013663,michael.clark@sonrisalud.com,9
541,Jill Williams,Endodoncia,3518739882,jill.williams@sonrisalud.com,28
542,Matthew Parker,Ortodoncia,3973456065,matthew.parker@sonrisalud.com,31
543,Carla Smith,Ortodoncia,3757483959,carla.smith@sonrisalud.com,3
544,Thomas Brooks,Odontologia General,3268620869,thomas.brooks@sonrisalud.com,26
545,Gregory Miller,Odontologia General,382978662,gregory.miller@sonrisalud.com,29
546,Geoffrey Price,Periodoncia,3126652917,geoffrey.price@sonrisalud.com,16
547,Linda Woods,Ortodoncia,3379712453,linda.woods@sonrisalud.com,4
548,Mark Smith,Ortodoncia,3645790235,mark.smith@sonrisalud.com,4
549,Monica Dean,Ortodoncia,3187930040,monica.dean@sonrisalud.com,3
550,Ronnie Little,Periodoncia,3623029585,ronnie.little@sonrisalud.com,8
551,Elizabeth Kennedy,Odontologia General,3576426943,elizabeth.kennedy@sonrisalud.com,28
552,Sean Brown,Odontologia General,3581356371,sean.brown@sonrisalud.com,8
553,Christopher Moore,Periodoncia,3253004290,christopher.moore@sonrisalud.com,25
554,Gary Fuller,Endodoncia,33868272,gary.fuller@sonrisalud.com,2
555,Janet Garcia,Periodoncia,3699144277,janet.garcia@sonrisalud.com,27
556,Jennifer Wolf,Odontologia General,3394162562,jennifer.wolf@sonrisalud.com,29
557,Carolyn Adams,Periodoncia,3294634635,carolyn.adams@sonrisalud.com,12
558,Joseph Robinson,Ortodoncia,3147043690,joseph.robinson@sonrisalud.com,2
559,Renee Smith,Endodoncia,3361138954,renee.smith@sonrisalud.com,6
560,Diana Jimenez,Ortodoncia,367826653,diana.jimenez@sonrisalud.com,15
561,Laurie Hernandez,Ortodoncia,3617374573,laurie.hernandez@sonrisalud.com,14
562,Kenneth Reyes,Endodoncia,3172361084,kenneth.reyes@sonrisalud.com,18
563,Jerry Zimmerman,Endodoncia,3835360316,jerry.zimmerman@sonrisalud.com,20
564,Michael Romero,Endodoncia,3482413511,michael.romero@sonrisalud.com,14
565,Jonathan Mcdonald,Odontologia General,3484626316,jonathan.mcdonald@sonrisalud.com,3
566,Steven Farmer,Endodoncia,3907177236,steven.farmer@sonrisalud.com,31
567,Amanda Haney,Ortodoncia,3546404713,amanda.haney@sonrisalud.com,20
568,Christy Hubbard,Odontologia General,3622513456,christy.hubbard@sonrisalud.com,19
569,Phyllis Alvarado,Odontologia General,3339034938,phyllis.alvarado@sonrisalud.com,30
570,Ashley Houston,Endodoncia,3385055519,ashley.houston@sonrisalud.com,9
571,Andrew Davis,Odontologia General,3179445270,andrew.davis@sonrisalud.com,26
572,James Hughes,Odontologia General,3818901787,james.hughes@sonrisalud.com,8
573,Alvin Smith,Odontologia General,3414288117,alvin.smith@sonrisalud.com,13
574,Travis Davis,Periodoncia,3921336581,travis.davis@sonrisalud.com,28
575,Ashley Vargas,Periodoncia,3218996473,ashley.vargas@sonrisalud.com,12
576,Michelle Ramos,Ortodoncia,3446337828,michelle.ramos@sonrisalud.com,3
577,Billy Roberts,Ortodoncia,3349868018,billy.roberts@sonrisalud.com,13
578,Heather Carpenter,Odontologia General,3365596214,heather.carpenter@sonrisalud.com,19
579,Tiffany Moore,Ortodoncia,3373198068,tiffany.moore@sonrisalud.com,7
580,Crystal Baker,Odontologia General,3413441161,crystal.baker@sonrisalud.com,25
581,Patrick Johnson,Endodoncia,3805405804,patrick.johnson@sonrisalud.com,18
582,Brenda Garcia,Odontologia General,3698963163,brenda.garcia@sonrisalud.com,22
583,Richard Murray,Periodoncia,3436043835,richard.murray@sonrisalud.com,31
584,Nicholas Duncan,Odontologia General,3227886742,nicholas.duncan@sonrisalud.com,20
585,Nicole Smith,Endodoncia,3575259960,nicole.smith@sonrisalud.com,26
586,Denise Ramirez,Ortodoncia,3823722363,denise.ramirez@sonrisalud.com,9
587,Julie Jones,Ortodoncia,3439293027,julie.jones@sonrisalud.com,26
588,Erica Johnson,Periodoncia,3293301551,erica.johnson@sonrisalud.com,21
589,Michael Bennett,Endodoncia,3589569481,michael.bennett@sonrisalud.com,15
590,Trevor Fox,Odontologia General,3805673388,trevor.fox@sonrisalud.com,16
591,Crystal Lucas,Odontologia General,3928240828,crystal.lucas@sonrisalud.com,29
592,Jonathan Mcbride,Endodoncia,3552849807,jonathan.mcbride@sonrisalud.com,8
593,Miranda Short,Odontologia General,3339105547,miranda.short@sonrisalud.com,3
594,Kathleen Mcconnell,Ortodoncia,319823936,kathleen.mcconnell@sonrisalud.com,1
595,Alex Thompson,Odontologia General,3273892808,alex.thompson@sonrisalud.com,4
596,Mary Jackson,Endodoncia,3113679507,mary.jackson@sonrisalud.com,29
597,Gregory Cooper,Periodoncia,3178116820,gregory.cooper@sonrisalud.com,31
598,Erica Wilson,Ortodoncia,3108939043,erica.wilson@sonrisalud.com,26
599,Anthony Gonzalez,Ortodoncia,3128892154,anthony.gonzalez@sonrisalud.com,17
600,James Walker,Periodoncia,3128435786,james.walker@sonrisalud.com,27
601,Joshua Edwards,Endodoncia,3231625878,joshua.edwards@sonrisalud.com,9
602,Raymond Peterson,Endodoncia,3348842465,raymond.peterson@sonrisalud.com,16
603,Robert Oneal,Periodoncia,3446668817,robert.oneal@sonrisalud.com,5
604,Justin Burns MD,Periodoncia,3617710704,justin.burns.md@sonrisalud.com,15
605,Rebecca Hines,Endodoncia,3481362527,rebecca.hines@sonrisalud.com,3
606,Allison Bennett,Ortodoncia,3616372994,allison.bennett@sonrisalud.com,24
607,Jennifer Reyes,Odontologia General,317168547,jennifer.reyes@sonrisalud.com,10
608,Tracy Frank,Ortodoncia,3737289795,tracy.frank@sonrisalud.com,21
609,Robert Crawford,Ortodoncia,377723900,robert.crawford@sonrisalud.com,14
610,Kendra Jones,Endodoncia,3989519060,kendra.jones@sonrisalud.com,30
611,Jacqueline Powers,Periodoncia,3151257353,jacqueline.powers@sonrisalud.com,17
612,Johnny Webb,Ortodoncia,3325286177,johnny.webb@sonrisalud.com,2
613,Cameron Barker,Endodoncia,3852429132,cameron.barker@sonrisalud.com,25
614,Tracy Jones,Ortodoncia,3482735462,tracy.jones@sonrisalud.com,15
615,Marcus Ferguson,Odontologia General,3969079132,marcus.ferguson@sonrisalud.com,21
616,Anthony Williams,Odontologia General,3271325798,anthony.williams@sonrisalud.com,22
617,Jacqueline Wilkerson,Ortodoncia,3227343124,jacqueline.wilkerson@sonrisalud.com,14
618,Ashley Pearson,Ortodoncia,3536665572,ashley.pearson@sonrisalud.com,20
619,Sandra Weber,Ortodoncia,3914595666,sandra.weber@sonrisalud.com,28
620,Amanda Moore,Odontologia General,3395979521,amanda.moore@sonrisalud.com,24
621,Tammy Farmer,Odontologia General,3339839353,tammy.farmer@sonrisalud.com,24
622,Mary Medina,Ortodoncia,3894965645,mary.medina@sonrisalud.com,15
623,Jasmine Cochran,Ortodoncia,3204505824,jasmine.cochran@sonrisalud.com,9
624,Erin Jones,Odontologia General,3912598336,erin.jones@sonrisalud.com,24
625,James Bean,Periodoncia,3561797627,james.bean@sonrisalud.com,5
626,Gregory Foster,Ortodoncia,3497471429,gregory.foster@sonrisalud.com,23
627,Emily Ali,Periodoncia,3232233098,emily.ali@sonrisalud.com,5
628,Randy Leonard,Endodoncia,3657540347,randy.leonard@sonrisalud.com,26
629,Joseph Wise,Ortodoncia,3131513554,joseph.wise@sonrisalud.com,22
630,James Moss,Ortodoncia,3865453037,james.moss@sonrisalud.com,24
631,Danny Beck,Ortodoncia,3476952580,danny.beck@sonrisalud.com,24
632,James Ramirez,Ortodoncia,3814082543,james.ramirez@sonrisalud.com,10
633,Ashley Jones,Odontologia General,3312339349,ashley.jones@sonrisalud.com,17
634,Melanie Serrano,Periodoncia,3448283246,melanie.serrano@sonrisalud.com,9
635,Denise Kaufman,Ortodoncia,3317302657,denise.kaufman@sonrisalud.com,17
636,Katherine Berry,Odontologia General,3488134053,katherine.berry@sonrisalud.com,4
637,George Waters,Periodoncia,3424147094,george.waters@sonrisalud.com,31
638,Cindy Alexander,Endodoncia,3681804698,cindy.alexander@sonrisalud.com,8
639,Tracy Curtis,Periodoncia,3106648609,tracy.curtis@sonrisalud.com,21
640,Amy Booth,Odontologia General,3527395715,amy.booth@sonrisalud.com,21
641,Patricia Newton,Odontologia General,3939982258,patricia.newton@sonrisalud.com,8
642,Joseph Brown,Periodoncia,3513379728,joseph.brown@sonrisalud.com,30
643,Robert Ryan,Periodoncia,3326691351,robert.ryan@sonrisalud.com,20
644,Michael Sloan,Periodoncia,3988247735,michael.sloan@sonrisalud.com,15
645,Justin Matthews,Periodoncia,3584712656,justin.matthews@sonrisalud.com,25
646,Mrs. Melissa Garrison,Periodoncia,3249469841,mrs..melissa.garrison@sonrisalud.com,12
647,Christine Mcconnell,Endodoncia,3979239132,christine.mcconnell@sonrisalud.com,2
648,Lauren Cole,Odontologia General,3367366053,lauren.cole@sonrisalud.com,18
649,Derek Burke,Ortodoncia,3628386917,derek.burke@sonrisalud.com,8
650,Rachel Clark,Periodoncia,3404249295,rachel.clark@sonrisalud.com,9
651,Jennifer Cox,Odontologia General,3581250929,jennifer.cox@sonrisalud.com,28
652,Heather Perez,Odontologia General,3846734393,heather.perez@sonrisalud.com,26
653,Douglas Smith,Ortodoncia,3569017787,douglas.smith@sonrisalud.com,5
654,Kevin Berg,Ortodoncia,3415966059,kevin.berg@sonrisalud.com,10
655,Heather Mendez,Ortodoncia,3826714473,heather.mendez@sonrisalud.com,21
656,Kenneth Hamilton,Odontologia General,323186962,kenneth.hamilton@sonrisalud.com,6
657,Victoria Castillo,Periodoncia,3388577725,victoria.castillo@sonrisalud.com,14
658,Nichole Gilmore,Odontologia General,3576572142,nichole.gilmore@sonrisalud.com,29
659,Joanna Dickerson,Endodoncia,354422092,joanna.dickerson@sonrisalud.com,30
660,Susan Campbell,Ortodoncia,3476988909,susan.campbell@sonrisalud.com,5
661,Carla Young,Ortodoncia,3285853985,carla.young@sonrisalud.com,19
662,Matthew Russell,Periodoncia,3683480657,matthew.russell@sonrisalud.com,30
663,Michele Summers,Periodoncia,3701647842,michele.summers@sonrisalud.com,28
664,Adam Torres,Odontologia General,3501136998,adam.torres@sonrisalud.com,19
665,Rebecca Huffman,Ortodoncia,324388915,rebecca.huffman@sonrisalud.com,21
666,David Jimenez,Ortodoncia,3962767404,david.jimenez@sonrisalud.com,15
667,Tamara Esparza,Endodoncia,3802696631,tamara.esparza@sonrisalud.com,21
668,Ashley Snyder,Odontologia General,3693899890,ashley.snyder@sonrisalud.com,25
669,Maureen Clay,Endodoncia,3337260013,maureen.clay@sonrisalud.com,25
670,John Thompson,Ortodoncia,3883320554,john.thompson@sonrisalud.com,28
671,Jacqueline Hogan,Odontologia General,35984659,jacqueline.hogan@sonrisalud.com,13
672,Kimberly Russell,Endodoncia,3451059645,kimberly.russell@sonrisalud.com,6
673,Daniel Perez,Endodoncia,3565479119,daniel.perez@sonrisalud.com,12
674,Andrew Schneider,Odontologia General,3244411559,andrew.schneider@sonrisalud.com,31
675,Susan Miller,Periodoncia,3866530284,susan.miller@sonrisalud.com,25
676,Eric Davis,Ortodoncia,3545915327,eric.davis@sonrisalud.com,29
677,Michael Medina,Endodoncia,3965000296,michael.medina@sonrisalud.com,5
678,Lisa Miller,Endodoncia,3501987390,lisa.miller@sonrisalud.com,15
679,Mary Hamilton,Periodoncia,3243080977,mary.hamilton@sonrisalud.com,23
680,Tracy Little,Endodoncia,3756527332,tracy.little@sonrisalud.com,26
681,Angela Marshall,Endodoncia,3836447584,angela.marshall@sonrisalud.com,27
682,Troy Gilbert,Endodoncia,3729025728,troy.gilbert@sonrisalud.com,11
683,James Walls,Endodoncia,3724855843,james.walls@sonrisalud.com,8
684,Crystal French,Endodoncia,3507576540,crystal.french@sonrisalud.com,3
685,Christy Payne,Periodoncia,3118140388,christy.payne@sonrisalud.com,8
686,Kayla Love,Endodoncia,3599431783,kayla.love@sonrisalud.com,31
687,Ashley Sheppard,Odontologia General,3978259791,ashley.sheppard@sonrisalud.com,26
688,Samuel Hall,Odontologia General,3722816047,samuel.hall@sonrisalud.com,5
689,David Alexander,Ortodoncia,3384910455,david.alexander@sonrisalud.com,3
690,Timothy Cook,Periodoncia,3389029575,timothy.cook@sonrisalud.com,18
691,Jerry Washington,Endodoncia,3689500039,jerry.washington@sonrisalud.com,31
692,Edward Harrison,Ortodoncia,3831926069,edward.harrison@sonrisalud.com,17
693,Ashley Bennett,Periodoncia,379708108,ashley.bennett@sonrisalud.com,28
694,Sharon Merritt,Endodoncia,3641728262,sharon.merritt@sonrisalud.com,15
695,Jessica Randall,Periodoncia,3147555256,jessica.randall@sonrisalud.com,16
696,Curtis Pena,Periodoncia,3217376370,curtis.pena@sonrisalud.com,7
697,Kelly Hansen,Endodoncia,3369873726,kelly.hansen@sonrisalud.com,22
698,Charles Davies,Odontologia General,3312345975,charles.davies@sonrisalud.com,13
699,Zachary Foster,Endodoncia,3179574260,zachary.foster@sonrisalud.com,22
700,Diana Vang,Periodoncia,3869049036,diana.vang@sonrisalud.com,10
701,Jeffrey Mcclure,Periodoncia,3474864206,jeffrey.mcclure@sonrisalud.com,17
702,Joanna Osborne,Ortodoncia,3276915438,joanna.osborne@sonrisalud.com,3
703,Steven Dorsey,Periodoncia,3932138830,steven.dorsey@sonrisalud.com,8
704,Brian Cisneros PhD,Endodoncia,3285413886,brian.cisneros.phd@sonrisalud.com,15
705,Raymond Mccann,Odontologia General,3722395244,raymond.mccann@sonrisalud.com,17
706,Mark Aguilar,Odontologia General,3587593162,mark.aguilar@sonrisalud.com,4
707,Amber Buchanan,Ortodoncia,3618660558,amber.buchanan@sonrisalud.com,17
708,Charles Newman,Periodoncia,3688198027,charles.newman@sonrisalud.com,20
709,Brendan Castillo,Ortodoncia,3217701502,brendan.castillo@sonrisalud.com,22
710,Gloria Davidson,Ortodoncia,3786682565,gloria.davidson@sonrisalud.com,13
711,Donna Robertson,Odontologia General,3378309939,donna.robertson@sonrisalud.com,17
712,Deborah Floyd,Periodoncia,3465676591,deborah.floyd@sonrisalud.com,8
713,Vanessa Pearson,Odontologia General,353822172,vanessa.pearson@sonrisalud.com,3
714,Kathy Mathis,Ortodoncia,3907720502,kathy.mathis@sonrisalud.com,2
715,Scott Smith,Ortodoncia,3307413549,scott.smith@sonrisalud.com,29
716,Steven Cooper,Ortodoncia,3643404336,steven.cooper@sonrisalud.com,8
717,Marisa Russell,Periodoncia,3304607283,marisa.russell@sonrisalud.com,5
718,Alfred Orr,Periodoncia,3421392787,alfred.orr@sonrisalud.com,23
719,Sherry Nelson,Endodoncia,3166659508,sherry.nelson@sonrisalud.com,19
720,Stacy Campbell,Endodoncia,3641540068,stacy.campbell@sonrisalud.com,6
721,Alan Chapman,Ortodoncia,3378009489,alan.chapman@sonrisalud.com,4
722,Michael Wheeler,Endodoncia,3853804852,michael.wheeler@sonrisalud.com,28
723,Anthony Delgado,Ortodoncia,3115774217,anthony.delgado@sonrisalud.com,7
724,Justin Herrera,Odontologia General,3982227531,justin.herrera@sonrisalud.com,30
725,Kim Woods,Ortodoncia,3396436846,kim.woods@sonrisalud.com,5
726,Travis Myers,Ortodoncia,3235267165,travis.myers@sonrisalud.com,23
727,Dr. Christopher Hunter,Periodoncia,3276430993,dr..christopher.hunter@sonrisalud.com,8
728,George Robertson,Endodoncia,3188910451,george.robertson@sonrisalud.com,1
729,Ashlee Allen,Endodoncia,3665901952,ashlee.allen@sonrisalud.com,13
730,Theresa Porter,Endodoncia,3627431969,theresa.porter@sonrisalud.com,13
731,Scott Hopkins,Ortodoncia,3222359030,scott.hopkins@sonrisalud.com,7
732,Brian Huang,Odontologia General,3547213947,brian.huang@sonrisalud.com,20
733,John Frank,Endodoncia,3414656746,john.frank@sonrisalud.com,5
734,Diane Flores,Endodoncia,3804790177,diane.flores@sonrisalud.com,2
735,Patricia Jordan,Periodoncia,3368696388,patricia.jordan@sonrisalud.com,12
736,Joseph Hughes,Odontologia General,347925518,joseph.hughes@sonrisalud.com,15
737,Barbara Jones,Odontologia General,3591901524,barbara.jones@sonrisalud.com,15
738,Laura Pearson,Odontologia General,3919974488,laura.pearson@sonrisalud.com,4
739,Brenda Gonzalez,Ortodoncia,3565319530,brenda.gonzalez@sonrisalud.com,8
740,Emily Ritter,Odontologia General,3827070918,emily.ritter@sonrisalud.com,23
741,Christian Burke,Endodoncia,3701234599,christian.burke@sonrisalud.com,2
742,Daniel Love,Ortodoncia,3114408739,daniel.love@sonrisalud.com,13
743,Lindsey Mejia,Ortodoncia,3176686912,lindsey.mejia@sonrisalud.com,18
744,Glenn Nguyen,Odontologia General,3646759095,glenn.nguyen@sonrisalud.com,5
745,David Nunez PhD,Endodoncia,3451412526,david.nunez.phd@sonrisalud.com,19
746,Monica Walker,Ortodoncia,3753419088,monica.walker@sonrisalud.com,9
747,Patrick Perry,Periodoncia,3609848782,patrick.perry@sonrisalud.com,4
748,David Copeland,Periodoncia,3997349797,david.copeland@sonrisalud.com,15
749,Lisa Torres,Ortodoncia,3411456410,lisa.torres@sonrisalud.com,27
750,Aaron Hutchinson,Ortodoncia,368933227,aaron.hutchinson@sonrisalud.com,19
751,Thomas Williams,Endodoncia,325222482,thomas.williams@sonrisalud.com,8
752,Dean Mcgrath,Ortodoncia,3308338426,dean.mcgrath@sonrisalud.com,22
753,Nicole Thompson,Periodoncia,3316248933,nicole.thompson@sonrisalud.com,8
754,Shannon Wilson,Periodoncia,325502516,shannon.wilson@sonrisalud.com,21
755,Tonya Delgado,Odontologia General,3448798815,tonya.delgado@sonrisalud.com,4
756,Timothy Mccarty,Periodoncia,3831303020,timothy.mccarty@sonrisalud.com,31
757,Elizabeth Kennedy,Odontologia General,3756051876,elizabeth.kennedy@sonrisalud.com,3
758,John Rios,Odontologia General,3822809805,john.rios@sonrisalud.com,23
759,Rhonda Marquez,Endodoncia,3421736457,rhonda.marquez@sonrisalud.com,7
760,Blake Powell,Endodoncia,37553092,blake.powell@sonrisalud.com,3
761,Christina Torres,Ortodoncia,341781442,christina.torres@sonrisalud.com,30
762,Dr. Jeffrey Taylor,Periodoncia,3592528002,dr..jeffrey.taylor@sonrisalud.com,11
763,Tracy Lawrence,Ortodoncia,3807045849,tracy.lawrence@sonrisalud.com,14
764,John Banks,Periodoncia,3416993626,john.banks@sonrisalud.com,20
765,Justin Greene,Periodoncia,3199598782,justin.greene@sonrisalud.com,23
766,Henry Reilly,Ortodoncia,374893692,henry.reilly@sonrisalud.com,11
767,Charles Cobb,Endodoncia,376780553,charles.cobb@sonrisalud.com,25
768,Matthew Thomas,Ortodoncia,3694746323,matthew.thomas@sonrisalud.com,19
769,Linda Diaz,Periodoncia,3219289333,linda.diaz@sonrisalud.com,29
770,Alan Bailey,Ortodoncia,3573376703,alan.bailey@sonrisalud.com,18
771,Victor Edwards,Periodoncia,3894079884,victor.edwards@sonrisalud.com,29
772,Sean Ruiz,Periodoncia,3858287218,sean.ruiz@sonrisalud.com,12
773,Timothy Alvarado,Endodoncia,329117003,timothy.alvarado@sonrisalud.com,26
774,Shannon Griffin,Ortodoncia,3399095620,shannon.griffin@sonrisalud.com,22
775,Megan Mcclain,Ortodoncia,35234528,megan.mcclain@sonrisalud.com,24
776,Sergio Smith,Periodoncia,3233452590,sergio.smith@sonrisalud.com,15
777,Nicole Cannon,Odontologia General,3721014872,nicole.cannon@sonrisalud.com,9
778,Christine Stewart,Periodoncia,321746524,christine.stewart@sonrisalud.com,14
779,Andrew Hernandez,Odontologia General,3996259378,andrew.hernandez@sonrisalud.com,29
780,Crystal Hoffman,Ortodoncia,3841613516,crystal.hoffman@sonrisalud.com,8
781,Patricia Fisher,Odontologia General,3199940363,patricia.fisher@sonrisalud.com,3
782,Barbara Horn,Odontologia General,3942202921,barbara.horn@sonrisalud.com,15
783,Carmen Downs,Periodoncia,3435294972,carmen.downs@sonrisalud.com,25
784,Nathan Stephens,Periodoncia,3507606016,nathan.stephens@sonrisalud.com,17
785,Martin Rodriguez,Endodoncia,3193410953,martin.rodriguez@sonrisalud.com,8
786,Keith Estes,Ortodoncia,3291782642,keith.estes@sonrisalud.com,10
787,Christie Daniels,Odontologia General,3695278604,christie.daniels@sonrisalud.com,26
788,Tiffany Daniel,Ortodoncia,3786021065,tiffany.daniel@sonrisalud.com,13
789,Stephanie Williams,Odontologia General,3497783665,stephanie.williams@sonrisalud.com,16
790,Bethany Terrell,Ortodoncia,3212654347,bethany.terrell@sonrisalud.com,19
791,Sean Love,Ortodoncia,3375509465,sean.love@sonrisalud.com,9
792,Susan Gonzalez,Ortodoncia,3415978373,susan.gonzalez@sonrisalud.com,25
793,Austin Cruz,Ortodoncia,3965023715,austin.cruz@sonrisalud.com,16
794,Joshua Rojas,Endodoncia,3136794575,joshua.rojas@sonrisalud.com,28
795,Roger Clark,Endodoncia,3227761799,roger.clark@sonrisalud.com,6
796,Abigail Ward,Endodoncia,325210603,abigail.ward@sonrisalud.com,3
797,Dr. Michael Stewart,Endodoncia,3263334120,dr..michael.stewart@sonrisalud.com,25
798,Michael Robinson,Periodoncia,3971419947,michael.robinson@sonrisalud.com,16
799,Kristen Miles,Ortodoncia,3121091661,kristen.miles@sonrisalud.com,12
800,Derek Choi,Odontologia General,3261553145,derek.choi@sonrisalud.com,21
801,Gregory Ochoa,Ortodoncia,3157744211,gregory.ochoa@sonrisalud.com,3
802,Michael Perez,Endodoncia,3837277158,michael.perez@sonrisalud.com,25
803,James Morales,Odontologia General,3136431134,james.morales@sonrisalud.com,27
804,Grace Smith,Endodoncia,3553612338,grace.smith@sonrisalud.com,11
805,Johnny Johnson,Periodoncia,3457492830,johnny.johnson@sonrisalud.com,9
806,Jeffrey Barry,Ortodoncia,3884133584,jeffrey.barry@sonrisalud.com,18
807,Tiffany Perry,Odontologia General,3629249022,tiffany.perry@sonrisalud.com,30
808,Brian Miller,Ortodoncia,3214703862,brian.miller@sonrisalud.com,24
809,Steven Jones,Endodoncia,3633356346,steven.jones@sonrisalud.com,15
810,Jose Wagner,Ortodoncia,3586034901,jose.wagner@sonrisalud.com,30
811,Kara Norris,Odontologia General,3549500050,kara.norris@sonrisalud.com,20
812,Manuel Hall,Odontologia General,3443026809,manuel.hall@sonrisalud.com,2
813,Brian Morris,Periodoncia,3863684549,brian.morris@sonrisalud.com,2
814,Jeffrey Nelson,Periodoncia,3177923550,jeffrey.nelson@sonrisalud.com,22
815,Jeremy Martinez,Endodoncia,3301689975,jeremy.martinez@sonrisalud.com,15
816,Carlos Thompson,Endodoncia,3448963825,carlos.thompson@sonrisalud.com,3
817,Richard Lopez,Endodoncia,3836526648,richard.lopez@sonrisalud.com,22
818,Crystal Walker,Endodoncia,3323978669,crystal.walker@sonrisalud.com,20
819,Arthur Williams MD,Periodoncia,385483227,arthur.williams.md@sonrisalud.com,22
820,Nicole Schultz,Endodoncia,3823168036,nicole.schultz@sonrisalud.com,31
821,Adrienne Wright,Periodoncia,3328238157,adrienne.wright@sonrisalud.com,3
822,Brian Mcgrath,Ortodoncia,3173912772,brian.mcgrath@sonrisalud.com,14
823,Sheila Johnson,Ortodoncia,3778029324,sheila.johnson@sonrisalud.com,1
824,Amy Walter,Periodoncia,3883390011,amy.walter@sonrisalud.com,8
825,Matthew Hamilton,Periodoncia,3325438919,matthew.hamilton@sonrisalud.com,3
826,Yolanda Brown,Ortodoncia,3289851668,yolanda.brown@sonrisalud.com,9
827,Victoria Rhodes,Ortodoncia,3776131835,victoria.rhodes@sonrisalud.com,4
828,Chelsea White,Periodoncia,3946646992,chelsea.white@sonrisalud.com,6
829,Angie Taylor,Periodoncia,3485422383,angie.taylor@sonrisalud.com,8
830,Omar Wolfe,Endodoncia,3658183859,omar.wolfe@sonrisalud.com,20
831,Shari Underwood,Endodoncia,3815996539,shari.underwood@sonrisalud.com,14
832,Amber Moore,Endodoncia,3585157639,amber.moore@sonrisalud.com,18
833,Allen Patel,Endodoncia,33240163,allen.patel@sonrisalud.com,25
834,Marilyn Hood,Ortodoncia,3335348793,marilyn.hood@sonrisalud.com,14
835,Traci Daugherty,Ortodoncia,3732369604,traci.daugherty@sonrisalud.com,21
836,Barbara Mitchell,Ortodoncia,3405828508,barbara.mitchell@sonrisalud.com,20
837,Megan Craig,Endodoncia,3911498575,megan.craig@sonrisalud.com,21
838,Kimberly Richardson,Odontologia General,3114459526,kimberly.richardson@sonrisalud.com,13
839,Adam Powell,Endodoncia,3981147407,adam.powell@sonrisalud.com,22
840,Daniel Jensen DDS,Periodoncia,32331494,daniel.jensen.dds@sonrisalud.com,3
841,Michele Hernandez,Odontologia General,3667050612,michele.hernandez@sonrisalud.com,10
842,Jennifer Conley,Odontologia General,3736363742,jennifer.conley@sonrisalud.com,22
843,Robert Cabrera,Odontologia General,3228054494,robert.cabrera@sonrisalud.com,14
844,Ryan Skinner,Endodoncia,3671246638,ryan.skinner@sonrisalud.com,3
845,Dawn Moore,Periodoncia,3125357182,dawn.moore@sonrisalud.com,16
846,Jacob Jones,Ortodoncia,3195744590,jacob.jones@sonrisalud.com,10
847,Pam Griffin,Odontologia General,3301268331,pam.griffin@sonrisalud.com,5
848,Sean Gutierrez,Periodoncia,3868108979,sean.gutierrez@sonrisalud.com,2
849,Marie Brown,Odontologia General,3932778193,marie.brown@sonrisalud.com,27
850,Vickie Hughes,Endodoncia,3161708824,vickie.hughes@sonrisalud.com,21
851,Hannah Haynes,Endodoncia,3346876576,hannah.haynes@sonrisalud.com,16
852,Hannah Robertson,Periodoncia,3483995398,hannah.robertson@sonrisalud.com,6
853,Amanda Mcintyre,Ortodoncia,3609602705,amanda.mcintyre@sonrisalud.com,31
854,Dustin Hernandez,Endodoncia,3166063704,dustin.hernandez@sonrisalud.com,1
855,Cassandra Berger,Odontologia General,3214951719,cassandra.berger@sonrisalud.com,30
856,Ann Walsh,Endodoncia,322441773,ann.walsh@sonrisalud.com,13
857,Kari Velasquez,Endodoncia,3914905783,kari.velasquez@sonrisalud.com,5
858,James Conley,Odontologia General,3245183311,james.conley@sonrisalud.com,25
859,Christopher Wilkerson,Odontologia General,3724456036,christopher.wilkerson@sonrisalud.com,5
860,Ashley Blair,Odontologia General,3336234691,ashley.blair@sonrisalud.com,24
861,Ruth Duncan,Periodoncia,3337488868,ruth.duncan@sonrisalud.com,3
862,Mary Allen,Periodoncia,3667812377,mary.allen@sonrisalud.com,16
863,Karen White,Endodoncia,3449476486,karen.white@sonrisalud.com,3
864,Margaret Harris,Endodoncia,3991632400,margaret.harris@sonrisalud.com,5
865,Mr. Jacob Ferguson,Periodoncia,3796955543,mr..jacob.ferguson@sonrisalud.com,14
866,Robert Melendez,Ortodoncia,3598777475,robert.melendez@sonrisalud.com,26
867,Mike Perkins,Odontologia General,3833963417,mike.perkins@sonrisalud.com,30
868,April Stevenson,Periodoncia,3206633718,april.stevenson@sonrisalud.com,3
869,Brittany Espinoza,Endodoncia,3257543636,brittany.espinoza@sonrisalud.com,11
870,Rachel Baker,Endodoncia,3373243407,rachel.baker@sonrisalud.com,8
871,Yolanda Durham,Ortodoncia,3641324805,yolanda.durham@sonrisalud.com,27
872,Barbara Silva,Endodoncia,3902490985,barbara.silva@sonrisalud.com,16
873,Philip Jones,Periodoncia,3181470078,philip.jones@sonrisalud.com,24
874,Alyssa Olson,Odontologia General,3805481499,alyssa.olson@sonrisalud.com,17
875,Melinda Jones,Odontologia General,3119867890,melinda.jones@sonrisalud.com,26
876,Pamela Roberts,Ortodoncia,3632520581,pamela.roberts@sonrisalud.com,9
877,Crystal Brown,Ortodoncia,3239450266,crystal.brown@sonrisalud.com,6
878,Beth Zhang,Periodoncia,3785779167,beth.zhang@sonrisalud.com,26
879,Andrew Riddle,Periodoncia,3598156760,andrew.riddle@sonrisalud.com,30
880,Ryan Davidson,Ortodoncia,3324630682,ryan.davidson@sonrisalud.com,25
881,Francisco Ortiz,Endodoncia,3896749741,francisco.ortiz@sonrisalud.com,3
882,Timothy Thompson,Odontologia General,3523995919,timothy.thompson@sonrisalud.com,3
883,Martha Dunn,Odontologia General,3446258518,martha.dunn@sonrisalud.com,2
884,Thomas Mcdaniel,Periodoncia,3485226863,thomas.mcdaniel@sonrisalud.com,17
885,Rebecca Donovan,Odontologia General,3991657814,rebecca.donovan@sonrisalud.com,14
886,David Johnson,Endodoncia,3487444162,david.johnson@sonrisalud.com,20
887,Colleen Harris,Periodoncia,3631507984,colleen.harris@sonrisalud.com,12
888,Jennifer Hill,Odontologia General,3376841185,jennifer.hill@sonrisalud.com,31
889,Kevin Hoffman,Periodoncia,3178654791,kevin.hoffman@sonrisalud.com,10
890,Andrew Bautista,Ortodoncia,3498512613,andrew.bautista@sonrisalud.com,25
891,James Anderson,Endodoncia,3779550738,james.anderson@sonrisalud.com,2
892,Thomas Harris,Endodoncia,3343377636,thomas.harris@sonrisalud.com,3
893,Jeffrey Fox,Endodoncia,3147667937,jeffrey.fox@sonrisalud.com,3
894,Brandon Blake,Periodoncia,3354606579,brandon.blake@sonrisalud.com,23
895,Amanda Greene,Odontologia General,3746669586,amanda.greene@sonrisalud.com,7
896,Timothy Jones,Ortodoncia,3406258955,timothy.jones@sonrisalud.com,31
897,Leonard Wood,Odontologia General,3327972169,leonard.wood@sonrisalud.com,22
898,David Wheeler,Periodoncia,3304349593,david.wheeler@sonrisalud.com,5
899,Thomas Pittman,Periodoncia,3136495495,thomas.pittman@sonrisalud.com,3
900,Geoffrey Wilkinson,Endodoncia,3833605669,geoffrey.wilkinson@sonrisalud.com,14
901,Robert Adams,Endodoncia,3963478370,robert.adams@sonrisalud.com,17
902,Sara Hall,Odontologia General,375346422,sara.hall@sonrisalud.com,1
903,Douglas Smith,Odontologia General,3262915824,douglas.smith@sonrisalud.com,1
904,Madison Graham,Endodoncia,3425134763,madison.graham@sonrisalud.com,17
905,Phillip Guerra,Odontologia General,3585860369,phillip.guerra@sonrisalud.com,29
906,Paula Brown,Periodoncia,3377839893,paula.brown@sonrisalud.com,19
907,Robert Russell,Odontologia General,3841726512,robert.russell@sonrisalud.com,1
908,Victoria Russell,Periodoncia,3819971850,victoria.russell@sonrisalud.com,18
909,Anthony Coleman,Periodoncia,3971823693,anthony.coleman@sonrisalud.com,30
910,Brenda Johnson,Ortodoncia,3534648619,brenda.johnson@sonrisalud.com,20
911,Charles West,Periodoncia,3435022883,charles.west@sonrisalud.com,12
912,Ryan Rangel,Endodoncia,3764041599,ryan.rangel@sonrisalud.com,3
913,Brian Larson,Odontologia General,3945371758,brian.larson@sonrisalud.com,8
914,Peter Miller,Ortodoncia,3938354531,peter.miller@sonrisalud.com,18
915,Courtney Meyer,Periodoncia,3636798043,courtney.meyer@sonrisalud.com,24
916,Tammy Harper,Ortodoncia,3849607279,tammy.harper@sonrisalud.com,12
917,Matthew Ellis,Periodoncia,3388979688,matthew.ellis@sonrisalud.com,30
918,Christine Mercado,Periodoncia,3745046433,christine.mercado@sonrisalud.com,10
919,Kenneth Greene,Endodoncia,3471647507,kenneth.greene@sonrisalud.com,30
920,Matthew Hunt,Endodoncia,3439388994,matthew.hunt@sonrisalud.com,11
921,Ms. Adriana Williams,Periodoncia,3931508202,ms..adriana.williams@sonrisalud.com,14
922,Frederick Delgado,Periodoncia,3385162035,frederick.delgado@sonrisalud.com,26
923,Sean Hicks,Periodoncia,3574381458,sean.hicks@sonrisalud.com,18
924,Bryan Smith,Odontologia General,3257904293,bryan.smith@sonrisalud.com,3
925,Danielle Moore,Ortodoncia,3703273903,danielle.moore@sonrisalud.com,7
926,Marilyn Jefferson,Odontologia General,3775015578,marilyn.jefferson@sonrisalud.com,26
927,Jonathan Conley,Ortodoncia,3292314606,jonathan.conley@sonrisalud.com,12
928,Rebecca Fry,Periodoncia,3629563006,rebecca.fry@sonrisalud.com,29
929,James Mueller,Endodoncia,3503035884,james.mueller@sonrisalud.com,5
930,Antonio Mitchell,Odontologia General,3522976618,antonio.mitchell@sonrisalud.com,20
931,Timothy Long,Ortodoncia,3107594194,timothy.long@sonrisalud.com,17
932,Scott Chavez,Endodoncia,3319678355,scott.chavez@sonrisalud.com,10
933,Amy Barnes,Odontologia General,3212181071,amy.barnes@sonrisalud.com,27
934,Heather Hanna,Odontologia General,3617207852,heather.hanna@sonrisalud.com,30
935,Teresa Robinson,Odontologia General,310642925,teresa.robinson@sonrisalud.com,12
936,Lisa Callahan,Periodoncia,3115415839,lisa.callahan@sonrisalud.com,12
937,Anna Anderson,Ortodoncia,39679186,anna.anderson@sonrisalud.com,15
938,James Davis,Endodoncia,3985787230,james.davis@sonrisalud.com,19
939,Deborah Rowe,Endodoncia,3236444909,deborah.rowe@sonrisalud.com,19
940,Christopher Fuentes,Endodoncia,318777026,christopher.fuentes@sonrisalud.com,19
941,Jennifer Silva,Periodoncia,3688738991,jennifer.silva@sonrisalud.com,21
942,Steven Smith,Odontologia General,3972254614,steven.smith@sonrisalud.com,21
943,Sean Buchanan,Odontologia General,3553171264,sean.buchanan@sonrisalud.com,10
944,Shane Carpenter,Odontologia General,3123842222,shane.carpenter@sonrisalud.com,14
945,Pamela Le,Endodoncia,337377643,pamela.le@sonrisalud.com,10
946,Ellen Walker,Ortodoncia,356636854,ellen.walker@sonrisalud.com,24
947,Evelyn Anderson,Periodoncia,378825153,evelyn.anderson@sonrisalud.com,3
948,Michael Davis,Ortodoncia,393341211,michael.davis@sonrisalud.com,3
949,Stephanie Moore,Ortodoncia,3637464356,stephanie.moore@sonrisalud.com,24
950,Jennifer Hernandez,Ortodoncia,3804250244,jennifer.hernandez@sonrisalud.com,30
951,Vanessa Robbins,Endodoncia,336166104,vanessa.robbins@sonrisalud.com,19
952,Jacob Thomas,Odontologia General,3941704160,jacob.thomas@sonrisalud.com,17
953,Dylan Aguilar,Endodoncia,3631770168,dylan.aguilar@sonrisalud.com,7
954,Tammy Dixon,Periodoncia,3241792809,tammy.dixon@sonrisalud.com,31
955,Jason Allen,Endodoncia,3873361238,jason.allen@sonrisalud.com,16
956,Tracy Pollard,Endodoncia,3556884568,tracy.pollard@sonrisalud.com,18
957,Renee Hernandez,Endodoncia,3159206242,renee.hernandez@sonrisalud.com,31
958,Brandy Patterson,Endodoncia,3988074202,brandy.patterson@sonrisalud.com,21
959,Jacqueline Brown,Endodoncia,310223899,jacqueline.brown@sonrisalud.com,5
960,Alexis West,Ortodoncia,3838299690,alexis.west@sonrisalud.com,9
961,Alexander Jones,Ortodoncia,3751269100,alexander.jones@sonrisalud.com,6
962,Krystal Jackson,Periodoncia,3923888226,krystal.jackson@sonrisalud.com,29
963,Michael Torres,Periodoncia,3437799281,michael.torres@sonrisalud.com,3
964,Evan Rice,Ortodoncia,332671769,evan.rice@sonrisalud.com,18
965,Diane Murray,Periodoncia,3965256354,diane.murray@sonrisalud.com,27
966,Kyle Roth,Ortodoncia,322779891,kyle.roth@sonrisalud.com,1
967,Charlene Nguyen,Endodoncia,3942870721,charlene.nguyen@sonrisalud.com,21
968,Sara Stephens,Periodoncia,3664511484,sara.stephens@sonrisalud.com,5
969,Brian Hicks,Periodoncia,3533078039,brian.hicks@sonrisalud.com,7
970,Luis Frederick,Odontologia General,3617669448,luis.frederick@sonrisalud.com,17
971,Scott Lee,Odontologia General,3988033619,scott.lee@sonrisalud.com,26
972,Joshua Galvan,Endodoncia,3242233175,joshua.galvan@sonrisalud.com,3
973,Ronald Jones,Endodoncia,3236989786,ronald.jones@sonrisalud.com,30
974,Joshua Hill,Odontologia General,3336381160,joshua.hill@sonrisalud.com,22
975,Mary Morris,Ortodoncia,3972202032,mary.morris@sonrisalud.com,30
976,Brooke Cummings,Odontologia General,3246910204,brooke.cummings@sonrisalud.com,28
977,Mr. William Gray,Ortodoncia,3184399135,mr..william.gray@sonrisalud.com,20
978,Gary Humphrey,Ortodoncia,3968814983,gary.humphrey@sonrisalud.com,14
979,Edward Smith,Periodoncia,3768786214,edward.smith@sonrisalud.com,6
980,Ryan Scott,Odontologia General,3944180429,ryan.scott@sonrisalud.com,30
981,Casey Lewis,Periodoncia,3946467158,casey.lewis@sonrisalud.com,9
982,Zachary Herman,Ortodoncia,3112642804,zachary.herman@sonrisalud.com,30
983,Jason Sullivan,Odontologia General,3311266030,jason.sullivan@sonrisalud.com,31
984,Shane Thomas,Periodoncia,3405561494,shane.thomas@sonrisalud.com,17
985,Emily Powers,Ortodoncia,3743746395,emily.powers@sonrisalud.com,24
986,Derek Nguyen,Odontologia General,3401332557,derek.nguyen@sonrisalud.com,29
987,Cynthia Wagner,Odontologia General,3837527846,cynthia.wagner@sonrisalud.com,5
988,Mrs. Courtney Roberts DDS,Odontologia General,3675312632,mrs..courtney.roberts.dds@sonrisalud.com,7
989,Erik Merritt,Odontologia General,393308116,erik.merritt@sonrisalud.com,6
990,Joshua Carter,Odontologia General,362611160,joshua.carter@sonrisalud.com,1
991,Amy Atkins,Ortodoncia,3875120305,amy.atkins@sonrisalud.com,13
992,Nancy King,Odontologia General,3536105875,nancy.king@sonrisalud.com,3
993,Lauren Hansen,Endodoncia,3685579576,lauren.hansen@sonrisalud.com,30
994,Edward Stuart,Periodoncia,3671922994,edward.stuart@sonrisalud.com,6
995,Joseph Johnson,Endodoncia,3105737022,joseph.johnson@sonrisalud.com,22
996,Darryl Scott,Periodoncia,3808767456,darryl.scott@sonrisalud.com,23
997,Philip Burke,Ortodoncia,3152764070,philip.burke@sonrisalud.com,31
998,Brandon Mendez,Endodoncia,3621804516,brandon.mendez@sonrisalud.com,16
999,Stacy Wright,Endodoncia,3342035778,stacy.wright@sonrisalud.com,25
1000,Douglas Chandler,Endodoncia,3683207381,douglas.chandler@sonrisalud.com,21
